"Node ID","Latency","Node Type","Node"
"2","68","NodeInput","Input(input)"
"6","4040","NodeStreamOffset","stream offset: -4040"
"7","4039","NodeStreamOffset","stream offset: -4039"
"506","0","NodeAdd","+"
"8","4038","NodeStreamOffset","stream offset: -4038"
"9","4037","NodeStreamOffset","stream offset: -4037"
"507","0","NodeAdd","+"
"516","14","NodeAdd","+"
"10","4036","NodeStreamOffset","stream offset: -4036"
"11","4035","NodeStreamOffset","stream offset: -4035"
"508","0","NodeAdd","+"
"12","4034","NodeStreamOffset","stream offset: -4034"
"13","4033","NodeStreamOffset","stream offset: -4033"
"509","0","NodeAdd","+"
"517","14","NodeAdd","+"
"521","28","NodeAdd","+"
"14","4032","NodeStreamOffset","stream offset: -4032"
"15","4031","NodeStreamOffset","stream offset: -4031"
"510","0","NodeAdd","+"
"16","4030","NodeStreamOffset","stream offset: -4030"
"17","4029","NodeStreamOffset","stream offset: -4029"
"511","0","NodeAdd","+"
"518","14","NodeAdd","+"
"18","4028","NodeStreamOffset","stream offset: -4028"
"19","4027","NodeStreamOffset","stream offset: -4027"
"512","0","NodeAdd","+"
"20","4026","NodeStreamOffset","stream offset: -4026"
"21","4025","NodeStreamOffset","stream offset: -4025"
"513","0","NodeAdd","+"
"519","14","NodeAdd","+"
"522","28","NodeAdd","+"
"523","42","NodeAdd","+"
"22","4040","NodeStreamOffset","stream offset: -4024"
"23","4040","NodeStreamOffset","stream offset: -4023"
"514","17","NodeAdd","+"
"24","4040","NodeStreamOffset","stream offset: -4022"
"25","4039","NodeStreamOffset","stream offset: -4021"
"515","18","NodeAdd","+"
"520","32","NodeAdd","+"
"524","56","NodeAdd","+"
"26","4028","NodeStreamOffset","stream offset: -4020"
"27","4027","NodeStreamOffset","stream offset: -4019"
"525","8","NodeAdd","+"
"28","4026","NodeStreamOffset","stream offset: -4018"
"29","4025","NodeStreamOffset","stream offset: -4017"
"526","8","NodeAdd","+"
"535","22","NodeAdd","+"
"30","4024","NodeStreamOffset","stream offset: -4016"
"31","4023","NodeStreamOffset","stream offset: -4015"
"527","8","NodeAdd","+"
"32","4022","NodeStreamOffset","stream offset: -4014"
"33","4021","NodeStreamOffset","stream offset: -4013"
"528","8","NodeAdd","+"
"536","22","NodeAdd","+"
"540","36","NodeAdd","+"
"34","4020","NodeStreamOffset","stream offset: -4012"
"35","4019","NodeStreamOffset","stream offset: -4011"
"529","8","NodeAdd","+"
"36","4018","NodeStreamOffset","stream offset: -4010"
"37","4017","NodeStreamOffset","stream offset: -4009"
"530","8","NodeAdd","+"
"537","22","NodeAdd","+"
"38","4016","NodeStreamOffset","stream offset: -4008"
"39","4015","NodeStreamOffset","stream offset: -4007"
"531","8","NodeAdd","+"
"40","4014","NodeStreamOffset","stream offset: -4006"
"41","4013","NodeStreamOffset","stream offset: -4005"
"532","8","NodeAdd","+"
"538","22","NodeAdd","+"
"541","36","NodeAdd","+"
"542","50","NodeAdd","+"
"42","4040","NodeStreamOffset","stream offset: -4004"
"43","4039","NodeStreamOffset","stream offset: -4003"
"533","36","NodeAdd","+"
"44","4038","NodeStreamOffset","stream offset: -4002"
"45","4037","NodeStreamOffset","stream offset: -4001"
"534","36","NodeAdd","+"
"539","50","NodeAdd","+"
"543","64","NodeAdd","+"
"981","78","NodeAdd","+"
"46","4028","NodeStreamOffset","stream offset: -4000"
"47","4027","NodeStreamOffset","stream offset: -3999"
"544","28","NodeAdd","+"
"48","4026","NodeStreamOffset","stream offset: -3998"
"49","4025","NodeStreamOffset","stream offset: -3997"
"545","28","NodeAdd","+"
"554","42","NodeAdd","+"
"50","4024","NodeStreamOffset","stream offset: -3996"
"51","4023","NodeStreamOffset","stream offset: -3995"
"546","28","NodeAdd","+"
"52","4022","NodeStreamOffset","stream offset: -3994"
"53","4021","NodeStreamOffset","stream offset: -3993"
"547","28","NodeAdd","+"
"555","42","NodeAdd","+"
"559","56","NodeAdd","+"
"54","4020","NodeStreamOffset","stream offset: -3992"
"55","4019","NodeStreamOffset","stream offset: -3991"
"548","28","NodeAdd","+"
"56","4018","NodeStreamOffset","stream offset: -3990"
"57","4017","NodeStreamOffset","stream offset: -3989"
"549","28","NodeAdd","+"
"556","42","NodeAdd","+"
"58","4016","NodeStreamOffset","stream offset: -3988"
"59","4015","NodeStreamOffset","stream offset: -3987"
"550","28","NodeAdd","+"
"60","4014","NodeStreamOffset","stream offset: -3986"
"61","4013","NodeStreamOffset","stream offset: -3985"
"551","28","NodeAdd","+"
"557","42","NodeAdd","+"
"560","56","NodeAdd","+"
"561","70","NodeAdd","+"
"62","4040","NodeStreamOffset","stream offset: -3984"
"63","4039","NodeStreamOffset","stream offset: -3983"
"552","56","NodeAdd","+"
"64","4038","NodeStreamOffset","stream offset: -3982"
"65","4037","NodeStreamOffset","stream offset: -3981"
"553","56","NodeAdd","+"
"558","70","NodeAdd","+"
"562","84","NodeAdd","+"
"66","4008","NodeStreamOffset","stream offset: -3980"
"67","4007","NodeStreamOffset","stream offset: -3979"
"563","28","NodeAdd","+"
"68","4006","NodeStreamOffset","stream offset: -3978"
"69","4005","NodeStreamOffset","stream offset: -3977"
"564","28","NodeAdd","+"
"573","42","NodeAdd","+"
"70","4004","NodeStreamOffset","stream offset: -3976"
"71","4003","NodeStreamOffset","stream offset: -3975"
"565","28","NodeAdd","+"
"72","4002","NodeStreamOffset","stream offset: -3974"
"73","4001","NodeStreamOffset","stream offset: -3973"
"566","28","NodeAdd","+"
"574","42","NodeAdd","+"
"578","56","NodeAdd","+"
"74","4000","NodeStreamOffset","stream offset: -3972"
"75","3999","NodeStreamOffset","stream offset: -3971"
"567","28","NodeAdd","+"
"76","3998","NodeStreamOffset","stream offset: -3970"
"77","3997","NodeStreamOffset","stream offset: -3969"
"568","28","NodeAdd","+"
"575","42","NodeAdd","+"
"78","3996","NodeStreamOffset","stream offset: -3968"
"79","3995","NodeStreamOffset","stream offset: -3967"
"569","28","NodeAdd","+"
"80","3994","NodeStreamOffset","stream offset: -3966"
"81","3993","NodeStreamOffset","stream offset: -3965"
"570","28","NodeAdd","+"
"576","42","NodeAdd","+"
"579","56","NodeAdd","+"
"580","70","NodeAdd","+"
"82","4020","NodeStreamOffset","stream offset: -3964"
"83","4019","NodeStreamOffset","stream offset: -3963"
"571","56","NodeAdd","+"
"84","4018","NodeStreamOffset","stream offset: -3962"
"85","4017","NodeStreamOffset","stream offset: -3961"
"572","56","NodeAdd","+"
"577","70","NodeAdd","+"
"581","84","NodeAdd","+"
"982","98","NodeAdd","+"
"993","112","NodeAdd","+"
"86","4028","NodeStreamOffset","stream offset: -3960"
"87","4027","NodeStreamOffset","stream offset: -3959"
"582","68","NodeAdd","+"
"88","4026","NodeStreamOffset","stream offset: -3958"
"89","4025","NodeStreamOffset","stream offset: -3957"
"583","68","NodeAdd","+"
"592","82","NodeAdd","+"
"90","4024","NodeStreamOffset","stream offset: -3956"
"91","4023","NodeStreamOffset","stream offset: -3955"
"584","68","NodeAdd","+"
"92","4022","NodeStreamOffset","stream offset: -3954"
"93","4021","NodeStreamOffset","stream offset: -3953"
"585","68","NodeAdd","+"
"593","82","NodeAdd","+"
"597","96","NodeAdd","+"
"94","4020","NodeStreamOffset","stream offset: -3952"
"95","4019","NodeStreamOffset","stream offset: -3951"
"586","68","NodeAdd","+"
"96","4018","NodeStreamOffset","stream offset: -3950"
"97","4017","NodeStreamOffset","stream offset: -3949"
"587","68","NodeAdd","+"
"594","82","NodeAdd","+"
"98","4016","NodeStreamOffset","stream offset: -3948"
"99","4015","NodeStreamOffset","stream offset: -3947"
"588","68","NodeAdd","+"
"100","4014","NodeStreamOffset","stream offset: -3946"
"101","4013","NodeStreamOffset","stream offset: -3945"
"589","68","NodeAdd","+"
"595","82","NodeAdd","+"
"598","96","NodeAdd","+"
"599","110","NodeAdd","+"
"102","4040","NodeStreamOffset","stream offset: -3944"
"103","4039","NodeStreamOffset","stream offset: -3943"
"590","96","NodeAdd","+"
"104","4038","NodeStreamOffset","stream offset: -3942"
"105","4037","NodeStreamOffset","stream offset: -3941"
"591","96","NodeAdd","+"
"596","110","NodeAdd","+"
"600","124","NodeAdd","+"
"106","2108","NodeStreamOffset","stream offset: -2040"
"107","2107","NodeStreamOffset","stream offset: -2039"
"601","68","NodeAdd","+"
"108","2106","NodeStreamOffset","stream offset: -2038"
"109","2105","NodeStreamOffset","stream offset: -2037"
"602","68","NodeAdd","+"
"611","82","NodeAdd","+"
"110","2104","NodeStreamOffset","stream offset: -2036"
"111","2103","NodeStreamOffset","stream offset: -2035"
"603","68","NodeAdd","+"
"112","2102","NodeStreamOffset","stream offset: -2034"
"113","2101","NodeStreamOffset","stream offset: -2033"
"604","68","NodeAdd","+"
"612","82","NodeAdd","+"
"616","96","NodeAdd","+"
"114","2100","NodeStreamOffset","stream offset: -2032"
"115","2099","NodeStreamOffset","stream offset: -2031"
"605","68","NodeAdd","+"
"116","2098","NodeStreamOffset","stream offset: -2030"
"117","2097","NodeStreamOffset","stream offset: -2029"
"606","68","NodeAdd","+"
"613","82","NodeAdd","+"
"118","2096","NodeStreamOffset","stream offset: -2028"
"119","2095","NodeStreamOffset","stream offset: -2027"
"607","68","NodeAdd","+"
"120","2094","NodeStreamOffset","stream offset: -2026"
"121","2093","NodeStreamOffset","stream offset: -2025"
"608","68","NodeAdd","+"
"614","82","NodeAdd","+"
"617","96","NodeAdd","+"
"618","110","NodeAdd","+"
"122","2120","NodeStreamOffset","stream offset: -2024"
"123","2119","NodeStreamOffset","stream offset: -2023"
"609","96","NodeAdd","+"
"124","2118","NodeStreamOffset","stream offset: -2022"
"125","2117","NodeStreamOffset","stream offset: -2021"
"610","96","NodeAdd","+"
"615","110","NodeAdd","+"
"619","124","NodeAdd","+"
"983","138","NodeAdd","+"
"126","2088","NodeStreamOffset","stream offset: -2020"
"127","2087","NodeStreamOffset","stream offset: -2019"
"620","68","NodeAdd","+"
"128","2086","NodeStreamOffset","stream offset: -2018"
"129","2085","NodeStreamOffset","stream offset: -2017"
"621","68","NodeAdd","+"
"630","82","NodeAdd","+"
"130","2084","NodeStreamOffset","stream offset: -2016"
"131","2083","NodeStreamOffset","stream offset: -2015"
"622","68","NodeAdd","+"
"132","2082","NodeStreamOffset","stream offset: -2014"
"133","2081","NodeStreamOffset","stream offset: -2013"
"623","68","NodeAdd","+"
"631","82","NodeAdd","+"
"635","96","NodeAdd","+"
"134","2080","NodeStreamOffset","stream offset: -2012"
"135","2079","NodeStreamOffset","stream offset: -2011"
"624","68","NodeAdd","+"
"136","2078","NodeStreamOffset","stream offset: -2010"
"137","2077","NodeStreamOffset","stream offset: -2009"
"625","68","NodeAdd","+"
"632","82","NodeAdd","+"
"138","2076","NodeStreamOffset","stream offset: -2008"
"139","2075","NodeStreamOffset","stream offset: -2007"
"626","68","NodeAdd","+"
"140","2074","NodeStreamOffset","stream offset: -2006"
"141","2073","NodeStreamOffset","stream offset: -2005"
"627","68","NodeAdd","+"
"633","82","NodeAdd","+"
"636","96","NodeAdd","+"
"637","110","NodeAdd","+"
"142","2100","NodeStreamOffset","stream offset: -2004"
"143","2099","NodeStreamOffset","stream offset: -2003"
"628","96","NodeAdd","+"
"144","2098","NodeStreamOffset","stream offset: -2002"
"145","2097","NodeStreamOffset","stream offset: -2001"
"629","96","NodeAdd","+"
"634","110","NodeAdd","+"
"638","124","NodeAdd","+"
"146","2068","NodeStreamOffset","stream offset: -2000"
"147","2067","NodeStreamOffset","stream offset: -1999"
"639","68","NodeAdd","+"
"148","2066","NodeStreamOffset","stream offset: -1998"
"149","2065","NodeStreamOffset","stream offset: -1997"
"640","68","NodeAdd","+"
"649","82","NodeAdd","+"
"150","2064","NodeStreamOffset","stream offset: -1996"
"151","2063","NodeStreamOffset","stream offset: -1995"
"641","68","NodeAdd","+"
"152","2062","NodeStreamOffset","stream offset: -1994"
"153","2061","NodeStreamOffset","stream offset: -1993"
"642","68","NodeAdd","+"
"650","82","NodeAdd","+"
"654","96","NodeAdd","+"
"154","2060","NodeStreamOffset","stream offset: -1992"
"155","2059","NodeStreamOffset","stream offset: -1991"
"643","68","NodeAdd","+"
"156","2058","NodeStreamOffset","stream offset: -1990"
"157","2057","NodeStreamOffset","stream offset: -1989"
"644","68","NodeAdd","+"
"651","82","NodeAdd","+"
"158","2056","NodeStreamOffset","stream offset: -1988"
"159","2055","NodeStreamOffset","stream offset: -1987"
"645","68","NodeAdd","+"
"160","2054","NodeStreamOffset","stream offset: -1986"
"161","2053","NodeStreamOffset","stream offset: -1985"
"646","68","NodeAdd","+"
"652","82","NodeAdd","+"
"655","96","NodeAdd","+"
"656","110","NodeAdd","+"
"162","2080","NodeStreamOffset","stream offset: -1984"
"163","2079","NodeStreamOffset","stream offset: -1983"
"647","96","NodeAdd","+"
"164","2078","NodeStreamOffset","stream offset: -1982"
"165","2077","NodeStreamOffset","stream offset: -1981"
"648","96","NodeAdd","+"
"653","110","NodeAdd","+"
"657","124","NodeAdd","+"
"984","138","NodeAdd","+"
"994","152","NodeAdd","+"
"999","166","NodeAdd","+"
"166","4028","NodeStreamOffset","stream offset: -1980"
"167","4027","NodeStreamOffset","stream offset: -1979"
"658","2048","NodeAdd","+"
"168","4026","NodeStreamOffset","stream offset: -1978"
"169","4025","NodeStreamOffset","stream offset: -1977"
"659","2048","NodeAdd","+"
"668","2062","NodeAdd","+"
"170","4024","NodeStreamOffset","stream offset: -1976"
"171","4023","NodeStreamOffset","stream offset: -1975"
"660","2048","NodeAdd","+"
"172","4022","NodeStreamOffset","stream offset: -1974"
"173","4021","NodeStreamOffset","stream offset: -1973"
"661","2048","NodeAdd","+"
"669","2062","NodeAdd","+"
"673","2076","NodeAdd","+"
"174","4020","NodeStreamOffset","stream offset: -1972"
"175","4019","NodeStreamOffset","stream offset: -1971"
"662","2048","NodeAdd","+"
"176","4018","NodeStreamOffset","stream offset: -1970"
"177","4017","NodeStreamOffset","stream offset: -1969"
"663","2048","NodeAdd","+"
"670","2062","NodeAdd","+"
"178","4016","NodeStreamOffset","stream offset: -1968"
"179","4015","NodeStreamOffset","stream offset: -1967"
"664","2048","NodeAdd","+"
"180","4014","NodeStreamOffset","stream offset: -1966"
"181","4013","NodeStreamOffset","stream offset: -1965"
"665","2048","NodeAdd","+"
"671","2062","NodeAdd","+"
"674","2076","NodeAdd","+"
"675","2090","NodeAdd","+"
"182","4040","NodeStreamOffset","stream offset: -1964"
"183","4039","NodeStreamOffset","stream offset: -1963"
"666","2076","NodeAdd","+"
"184","4038","NodeStreamOffset","stream offset: -1962"
"185","4037","NodeStreamOffset","stream offset: -1961"
"667","2076","NodeAdd","+"
"672","2090","NodeAdd","+"
"676","2104","NodeAdd","+"
"186","4008","NodeStreamOffset","stream offset: -1960"
"187","4007","NodeStreamOffset","stream offset: -1959"
"677","2048","NodeAdd","+"
"188","4006","NodeStreamOffset","stream offset: -1958"
"189","4005","NodeStreamOffset","stream offset: -1957"
"678","2048","NodeAdd","+"
"687","2062","NodeAdd","+"
"190","4004","NodeStreamOffset","stream offset: -1956"
"191","4003","NodeStreamOffset","stream offset: -1955"
"679","2048","NodeAdd","+"
"192","4002","NodeStreamOffset","stream offset: -1954"
"193","4001","NodeStreamOffset","stream offset: -1953"
"680","2048","NodeAdd","+"
"688","2062","NodeAdd","+"
"692","2076","NodeAdd","+"
"194","4000","NodeStreamOffset","stream offset: -1952"
"195","3999","NodeStreamOffset","stream offset: -1951"
"681","2048","NodeAdd","+"
"196","3998","NodeStreamOffset","stream offset: -1950"
"197","3997","NodeStreamOffset","stream offset: -1949"
"682","2048","NodeAdd","+"
"689","2062","NodeAdd","+"
"198","3996","NodeStreamOffset","stream offset: -1948"
"199","3995","NodeStreamOffset","stream offset: -1947"
"683","2048","NodeAdd","+"
"200","3994","NodeStreamOffset","stream offset: -1946"
"201","3993","NodeStreamOffset","stream offset: -1945"
"684","2048","NodeAdd","+"
"690","2062","NodeAdd","+"
"693","2076","NodeAdd","+"
"694","2090","NodeAdd","+"
"202","4020","NodeStreamOffset","stream offset: -1944"
"203","4019","NodeStreamOffset","stream offset: -1943"
"685","2076","NodeAdd","+"
"204","4018","NodeStreamOffset","stream offset: -1942"
"205","4017","NodeStreamOffset","stream offset: -1941"
"686","2076","NodeAdd","+"
"691","2090","NodeAdd","+"
"695","2104","NodeAdd","+"
"985","2118","NodeAdd","+"
"206","2088","NodeStreamOffset","stream offset: -40"
"207","2087","NodeStreamOffset","stream offset: -39"
"696","2048","NodeAdd","+"
"208","2086","NodeStreamOffset","stream offset: -38"
"209","2085","NodeStreamOffset","stream offset: -37"
"697","2048","NodeAdd","+"
"706","2062","NodeAdd","+"
"210","2084","NodeStreamOffset","stream offset: -36"
"211","2083","NodeStreamOffset","stream offset: -35"
"698","2048","NodeAdd","+"
"212","2082","NodeStreamOffset","stream offset: -34"
"213","2081","NodeStreamOffset","stream offset: -33"
"699","2048","NodeAdd","+"
"707","2062","NodeAdd","+"
"711","2076","NodeAdd","+"
"214","2080","NodeStreamOffset","stream offset: -32"
"215","2079","NodeStreamOffset","stream offset: -31"
"700","2048","NodeAdd","+"
"216","2078","NodeStreamOffset","stream offset: -30"
"217","2077","NodeStreamOffset","stream offset: -29"
"701","2048","NodeAdd","+"
"708","2062","NodeAdd","+"
"218","2076","NodeStreamOffset","stream offset: -28"
"219","2075","NodeStreamOffset","stream offset: -27"
"702","2048","NodeAdd","+"
"220","2074","NodeStreamOffset","stream offset: -26"
"221","2073","NodeStreamOffset","stream offset: -25"
"703","2048","NodeAdd","+"
"709","2062","NodeAdd","+"
"712","2076","NodeAdd","+"
"713","2090","NodeAdd","+"
"222","2100","NodeStreamOffset","stream offset: -24"
"223","2099","NodeStreamOffset","stream offset: -23"
"704","2076","NodeAdd","+"
"224","2098","NodeStreamOffset","stream offset: -22"
"225","2097","NodeStreamOffset","stream offset: -21"
"705","2076","NodeAdd","+"
"710","2090","NodeAdd","+"
"714","2104","NodeAdd","+"
"226","2068","NodeStreamOffset","stream offset: -20"
"227","2067","NodeStreamOffset","stream offset: -19"
"715","2048","NodeAdd","+"
"228","2066","NodeStreamOffset","stream offset: -18"
"229","2065","NodeStreamOffset","stream offset: -17"
"716","2048","NodeAdd","+"
"725","2062","NodeAdd","+"
"230","2064","NodeStreamOffset","stream offset: -16"
"231","2063","NodeStreamOffset","stream offset: -15"
"717","2048","NodeAdd","+"
"232","2062","NodeStreamOffset","stream offset: -14"
"233","2061","NodeStreamOffset","stream offset: -13"
"718","2048","NodeAdd","+"
"726","2062","NodeAdd","+"
"730","2076","NodeAdd","+"
"234","2060","NodeStreamOffset","stream offset: -12"
"235","2059","NodeStreamOffset","stream offset: -11"
"719","2048","NodeAdd","+"
"236","2058","NodeStreamOffset","stream offset: -10"
"237","2057","NodeStreamOffset","stream offset: -9"
"720","2048","NodeAdd","+"
"727","2062","NodeAdd","+"
"238","2056","NodeStreamOffset","stream offset: -8"
"239","2055","NodeStreamOffset","stream offset: -7"
"721","2048","NodeAdd","+"
"240","2054","NodeStreamOffset","stream offset: -6"
"241","2053","NodeStreamOffset","stream offset: -5"
"722","2048","NodeAdd","+"
"728","2062","NodeAdd","+"
"731","2076","NodeAdd","+"
"732","2090","NodeAdd","+"
"242","2080","NodeStreamOffset","stream offset: -4"
"243","2079","NodeStreamOffset","stream offset: -3"
"723","2076","NodeAdd","+"
"244","2078","NodeStreamOffset","stream offset: -2"
"245","2077","NodeStreamOffset","stream offset: -1"
"724","2076","NodeAdd","+"
"729","2090","NodeAdd","+"
"733","2104","NodeAdd","+"
"986","2118","NodeAdd","+"
"995","2132","NodeAdd","+"
"247","2047","NodeStreamOffset","stream offset: 1"
"734","2048","NodeAdd","+"
"248","2046","NodeStreamOffset","stream offset: 2"
"249","2045","NodeStreamOffset","stream offset: 3"
"735","2048","NodeAdd","+"
"744","2062","NodeAdd","+"
"250","2044","NodeStreamOffset","stream offset: 4"
"251","2043","NodeStreamOffset","stream offset: 5"
"736","2048","NodeAdd","+"
"252","2042","NodeStreamOffset","stream offset: 6"
"253","2041","NodeStreamOffset","stream offset: 7"
"737","2048","NodeAdd","+"
"745","2062","NodeAdd","+"
"749","2076","NodeAdd","+"
"254","2040","NodeStreamOffset","stream offset: 8"
"255","2039","NodeStreamOffset","stream offset: 9"
"738","2048","NodeAdd","+"
"256","2038","NodeStreamOffset","stream offset: 10"
"257","2037","NodeStreamOffset","stream offset: 11"
"739","2048","NodeAdd","+"
"746","2062","NodeAdd","+"
"258","2036","NodeStreamOffset","stream offset: 12"
"259","2035","NodeStreamOffset","stream offset: 13"
"740","2048","NodeAdd","+"
"260","2034","NodeStreamOffset","stream offset: 14"
"261","2033","NodeStreamOffset","stream offset: 15"
"741","2048","NodeAdd","+"
"747","2062","NodeAdd","+"
"750","2076","NodeAdd","+"
"751","2090","NodeAdd","+"
"262","2060","NodeStreamOffset","stream offset: 16"
"263","2059","NodeStreamOffset","stream offset: 17"
"742","2076","NodeAdd","+"
"264","2058","NodeStreamOffset","stream offset: 18"
"265","2057","NodeStreamOffset","stream offset: 19"
"743","2076","NodeAdd","+"
"748","2090","NodeAdd","+"
"752","2104","NodeAdd","+"
"266","2028","NodeStreamOffset","stream offset: 20"
"267","2027","NodeStreamOffset","stream offset: 21"
"753","2048","NodeAdd","+"
"268","2026","NodeStreamOffset","stream offset: 22"
"269","2025","NodeStreamOffset","stream offset: 23"
"754","2048","NodeAdd","+"
"763","2062","NodeAdd","+"
"270","2024","NodeStreamOffset","stream offset: 24"
"271","2023","NodeStreamOffset","stream offset: 25"
"755","2048","NodeAdd","+"
"272","2022","NodeStreamOffset","stream offset: 26"
"273","2021","NodeStreamOffset","stream offset: 27"
"756","2048","NodeAdd","+"
"764","2062","NodeAdd","+"
"768","2076","NodeAdd","+"
"274","2020","NodeStreamOffset","stream offset: 28"
"275","2019","NodeStreamOffset","stream offset: 29"
"757","2048","NodeAdd","+"
"276","2018","NodeStreamOffset","stream offset: 30"
"277","2017","NodeStreamOffset","stream offset: 31"
"758","2048","NodeAdd","+"
"765","2062","NodeAdd","+"
"278","2016","NodeStreamOffset","stream offset: 32"
"279","2015","NodeStreamOffset","stream offset: 33"
"759","2048","NodeAdd","+"
"280","2014","NodeStreamOffset","stream offset: 34"
"281","2013","NodeStreamOffset","stream offset: 35"
"760","2048","NodeAdd","+"
"766","2062","NodeAdd","+"
"769","2076","NodeAdd","+"
"770","2090","NodeAdd","+"
"282","2040","NodeStreamOffset","stream offset: 36"
"283","2039","NodeStreamOffset","stream offset: 37"
"761","2076","NodeAdd","+"
"284","2038","NodeStreamOffset","stream offset: 38"
"285","2037","NodeStreamOffset","stream offset: 39"
"762","2076","NodeAdd","+"
"767","2090","NodeAdd","+"
"771","2104","NodeAdd","+"
"987","2118","NodeAdd","+"
"286","2008","NodeStreamOffset","stream offset: 40"
"287","2007","NodeStreamOffset","stream offset: 41"
"772","2048","NodeAdd","+"
"288","2006","NodeStreamOffset","stream offset: 42"
"289","2005","NodeStreamOffset","stream offset: 43"
"773","2048","NodeAdd","+"
"782","2062","NodeAdd","+"
"290","2004","NodeStreamOffset","stream offset: 44"
"291","2003","NodeStreamOffset","stream offset: 45"
"774","2048","NodeAdd","+"
"292","2002","NodeStreamOffset","stream offset: 46"
"293","2001","NodeStreamOffset","stream offset: 47"
"775","2048","NodeAdd","+"
"783","2062","NodeAdd","+"
"787","2076","NodeAdd","+"
"294","2000","NodeStreamOffset","stream offset: 48"
"295","1999","NodeStreamOffset","stream offset: 49"
"776","2048","NodeAdd","+"
"296","1998","NodeStreamOffset","stream offset: 50"
"297","1997","NodeStreamOffset","stream offset: 51"
"777","2048","NodeAdd","+"
"784","2062","NodeAdd","+"
"298","1996","NodeStreamOffset","stream offset: 52"
"299","1995","NodeStreamOffset","stream offset: 53"
"778","2048","NodeAdd","+"
"300","1994","NodeStreamOffset","stream offset: 54"
"301","1993","NodeStreamOffset","stream offset: 55"
"779","2048","NodeAdd","+"
"785","2062","NodeAdd","+"
"788","2076","NodeAdd","+"
"789","2090","NodeAdd","+"
"302","2020","NodeStreamOffset","stream offset: 56"
"303","2019","NodeStreamOffset","stream offset: 57"
"780","2076","NodeAdd","+"
"304","2018","NodeStreamOffset","stream offset: 58"
"305","2017","NodeStreamOffset","stream offset: 59"
"781","2076","NodeAdd","+"
"786","2090","NodeAdd","+"
"790","2104","NodeAdd","+"
"306","88","NodeStreamOffset","stream offset: 1960"
"307","87","NodeStreamOffset","stream offset: 1961"
"791","2048","NodeAdd","+"
"308","86","NodeStreamOffset","stream offset: 1962"
"309","85","NodeStreamOffset","stream offset: 1963"
"792","2048","NodeAdd","+"
"801","2062","NodeAdd","+"
"310","84","NodeStreamOffset","stream offset: 1964"
"311","83","NodeStreamOffset","stream offset: 1965"
"793","2048","NodeAdd","+"
"312","82","NodeStreamOffset","stream offset: 1966"
"313","81","NodeStreamOffset","stream offset: 1967"
"794","2048","NodeAdd","+"
"802","2062","NodeAdd","+"
"806","2076","NodeAdd","+"
"314","80","NodeStreamOffset","stream offset: 1968"
"315","79","NodeStreamOffset","stream offset: 1969"
"795","2048","NodeAdd","+"
"316","78","NodeStreamOffset","stream offset: 1970"
"317","77","NodeStreamOffset","stream offset: 1971"
"796","2048","NodeAdd","+"
"803","2062","NodeAdd","+"
"318","76","NodeStreamOffset","stream offset: 1972"
"319","75","NodeStreamOffset","stream offset: 1973"
"797","2048","NodeAdd","+"
"320","74","NodeStreamOffset","stream offset: 1974"
"321","73","NodeStreamOffset","stream offset: 1975"
"798","2048","NodeAdd","+"
"804","2062","NodeAdd","+"
"807","2076","NodeAdd","+"
"808","2090","NodeAdd","+"
"322","100","NodeStreamOffset","stream offset: 1976"
"323","99","NodeStreamOffset","stream offset: 1977"
"799","2076","NodeAdd","+"
"324","98","NodeStreamOffset","stream offset: 1978"
"325","97","NodeStreamOffset","stream offset: 1979"
"800","2076","NodeAdd","+"
"805","2090","NodeAdd","+"
"809","2104","NodeAdd","+"
"988","2118","NodeAdd","+"
"996","2132","NodeAdd","+"
"1000","2146","NodeAdd","+"
"1002","2160","NodeAdd","+"
"326","2128","NodeStreamOffset","stream offset: 1980"
"327","2127","NodeStreamOffset","stream offset: 1981"
"810","4108","NodeAdd","+"
"328","2126","NodeStreamOffset","stream offset: 1982"
"329","2125","NodeStreamOffset","stream offset: 1983"
"811","4108","NodeAdd","+"
"820","4122","NodeAdd","+"
"330","2124","NodeStreamOffset","stream offset: 1984"
"331","2123","NodeStreamOffset","stream offset: 1985"
"812","4108","NodeAdd","+"
"332","2122","NodeStreamOffset","stream offset: 1986"
"333","2121","NodeStreamOffset","stream offset: 1987"
"813","4108","NodeAdd","+"
"821","4122","NodeAdd","+"
"825","4136","NodeAdd","+"
"334","2120","NodeStreamOffset","stream offset: 1988"
"335","2119","NodeStreamOffset","stream offset: 1989"
"814","4108","NodeAdd","+"
"336","2118","NodeStreamOffset","stream offset: 1990"
"337","2117","NodeStreamOffset","stream offset: 1991"
"815","4108","NodeAdd","+"
"822","4122","NodeAdd","+"
"338","2116","NodeStreamOffset","stream offset: 1992"
"339","2115","NodeStreamOffset","stream offset: 1993"
"816","4108","NodeAdd","+"
"340","2114","NodeStreamOffset","stream offset: 1994"
"341","2113","NodeStreamOffset","stream offset: 1995"
"817","4108","NodeAdd","+"
"823","4122","NodeAdd","+"
"826","4136","NodeAdd","+"
"827","4150","NodeAdd","+"
"342","2140","NodeStreamOffset","stream offset: 1996"
"343","2139","NodeStreamOffset","stream offset: 1997"
"818","4136","NodeAdd","+"
"344","2138","NodeStreamOffset","stream offset: 1998"
"345","2137","NodeStreamOffset","stream offset: 1999"
"819","4136","NodeAdd","+"
"824","4150","NodeAdd","+"
"828","4164","NodeAdd","+"
"346","2108","NodeStreamOffset","stream offset: 2000"
"347","2107","NodeStreamOffset","stream offset: 2001"
"829","4108","NodeAdd","+"
"348","2106","NodeStreamOffset","stream offset: 2002"
"349","2105","NodeStreamOffset","stream offset: 2003"
"830","4108","NodeAdd","+"
"839","4122","NodeAdd","+"
"350","2104","NodeStreamOffset","stream offset: 2004"
"351","2103","NodeStreamOffset","stream offset: 2005"
"831","4108","NodeAdd","+"
"352","2102","NodeStreamOffset","stream offset: 2006"
"353","2101","NodeStreamOffset","stream offset: 2007"
"832","4108","NodeAdd","+"
"840","4122","NodeAdd","+"
"844","4136","NodeAdd","+"
"354","2100","NodeStreamOffset","stream offset: 2008"
"355","2099","NodeStreamOffset","stream offset: 2009"
"833","4108","NodeAdd","+"
"356","2098","NodeStreamOffset","stream offset: 2010"
"357","2097","NodeStreamOffset","stream offset: 2011"
"834","4108","NodeAdd","+"
"841","4122","NodeAdd","+"
"358","2096","NodeStreamOffset","stream offset: 2012"
"359","2095","NodeStreamOffset","stream offset: 2013"
"835","4108","NodeAdd","+"
"360","2094","NodeStreamOffset","stream offset: 2014"
"361","2093","NodeStreamOffset","stream offset: 2015"
"836","4108","NodeAdd","+"
"842","4122","NodeAdd","+"
"845","4136","NodeAdd","+"
"846","4150","NodeAdd","+"
"362","2120","NodeStreamOffset","stream offset: 2016"
"363","2119","NodeStreamOffset","stream offset: 2017"
"837","4136","NodeAdd","+"
"364","2118","NodeStreamOffset","stream offset: 2018"
"365","2117","NodeStreamOffset","stream offset: 2019"
"838","4136","NodeAdd","+"
"843","4150","NodeAdd","+"
"847","4164","NodeAdd","+"
"989","4178","NodeAdd","+"
"366","2088","NodeStreamOffset","stream offset: 2020"
"367","2087","NodeStreamOffset","stream offset: 2021"
"848","4108","NodeAdd","+"
"368","2086","NodeStreamOffset","stream offset: 2022"
"369","2085","NodeStreamOffset","stream offset: 2023"
"849","4108","NodeAdd","+"
"858","4122","NodeAdd","+"
"370","2084","NodeStreamOffset","stream offset: 2024"
"371","2083","NodeStreamOffset","stream offset: 2025"
"850","4108","NodeAdd","+"
"372","2082","NodeStreamOffset","stream offset: 2026"
"373","2081","NodeStreamOffset","stream offset: 2027"
"851","4108","NodeAdd","+"
"859","4122","NodeAdd","+"
"863","4136","NodeAdd","+"
"374","2080","NodeStreamOffset","stream offset: 2028"
"375","2079","NodeStreamOffset","stream offset: 2029"
"852","4108","NodeAdd","+"
"376","2078","NodeStreamOffset","stream offset: 2030"
"377","2077","NodeStreamOffset","stream offset: 2031"
"853","4108","NodeAdd","+"
"860","4122","NodeAdd","+"
"378","2076","NodeStreamOffset","stream offset: 2032"
"379","2075","NodeStreamOffset","stream offset: 2033"
"854","4108","NodeAdd","+"
"380","2074","NodeStreamOffset","stream offset: 2034"
"381","2073","NodeStreamOffset","stream offset: 2035"
"855","4108","NodeAdd","+"
"861","4122","NodeAdd","+"
"864","4136","NodeAdd","+"
"865","4150","NodeAdd","+"
"382","2100","NodeStreamOffset","stream offset: 2036"
"383","2099","NodeStreamOffset","stream offset: 2037"
"856","4136","NodeAdd","+"
"384","2098","NodeStreamOffset","stream offset: 2038"
"385","2097","NodeStreamOffset","stream offset: 2039"
"857","4136","NodeAdd","+"
"862","4150","NodeAdd","+"
"866","4164","NodeAdd","+"
"386","2068","NodeStreamOffset","stream offset: 2040"
"387","2067","NodeStreamOffset","stream offset: 2041"
"867","4108","NodeAdd","+"
"388","2066","NodeStreamOffset","stream offset: 2042"
"389","2065","NodeStreamOffset","stream offset: 2043"
"868","4108","NodeAdd","+"
"877","4122","NodeAdd","+"
"390","2064","NodeStreamOffset","stream offset: 2044"
"391","2063","NodeStreamOffset","stream offset: 2045"
"869","4108","NodeAdd","+"
"392","2062","NodeStreamOffset","stream offset: 2046"
"393","2061","NodeStreamOffset","stream offset: 2047"
"870","4108","NodeAdd","+"
"878","4122","NodeAdd","+"
"882","4136","NodeAdd","+"
"394","2060","NodeStreamOffset","stream offset: 2048"
"395","2059","NodeStreamOffset","stream offset: 2049"
"871","4108","NodeAdd","+"
"396","2058","NodeStreamOffset","stream offset: 2050"
"397","2057","NodeStreamOffset","stream offset: 2051"
"872","4108","NodeAdd","+"
"879","4122","NodeAdd","+"
"398","2056","NodeStreamOffset","stream offset: 2052"
"399","2055","NodeStreamOffset","stream offset: 2053"
"873","4108","NodeAdd","+"
"400","2054","NodeStreamOffset","stream offset: 2054"
"401","2053","NodeStreamOffset","stream offset: 2055"
"874","4108","NodeAdd","+"
"880","4122","NodeAdd","+"
"883","4136","NodeAdd","+"
"884","4150","NodeAdd","+"
"402","2080","NodeStreamOffset","stream offset: 2056"
"403","2079","NodeStreamOffset","stream offset: 2057"
"875","4136","NodeAdd","+"
"404","2078","NodeStreamOffset","stream offset: 2058"
"405","2077","NodeStreamOffset","stream offset: 2059"
"876","4136","NodeAdd","+"
"881","4150","NodeAdd","+"
"885","4164","NodeAdd","+"
"990","4178","NodeAdd","+"
"997","4192","NodeAdd","+"
"406","148","NodeStreamOffset","stream offset: 3960"
"407","147","NodeStreamOffset","stream offset: 3961"
"886","4108","NodeAdd","+"
"408","146","NodeStreamOffset","stream offset: 3962"
"409","145","NodeStreamOffset","stream offset: 3963"
"887","4108","NodeAdd","+"
"896","4122","NodeAdd","+"
"410","144","NodeStreamOffset","stream offset: 3964"
"411","143","NodeStreamOffset","stream offset: 3965"
"888","4108","NodeAdd","+"
"412","142","NodeStreamOffset","stream offset: 3966"
"413","141","NodeStreamOffset","stream offset: 3967"
"889","4108","NodeAdd","+"
"897","4122","NodeAdd","+"
"901","4136","NodeAdd","+"
"414","140","NodeStreamOffset","stream offset: 3968"
"415","139","NodeStreamOffset","stream offset: 3969"
"890","4108","NodeAdd","+"
"416","138","NodeStreamOffset","stream offset: 3970"
"417","137","NodeStreamOffset","stream offset: 3971"
"891","4108","NodeAdd","+"
"898","4122","NodeAdd","+"
"418","136","NodeStreamOffset","stream offset: 3972"
"419","135","NodeStreamOffset","stream offset: 3973"
"892","4108","NodeAdd","+"
"420","134","NodeStreamOffset","stream offset: 3974"
"421","133","NodeStreamOffset","stream offset: 3975"
"893","4108","NodeAdd","+"
"899","4122","NodeAdd","+"
"902","4136","NodeAdd","+"
"903","4150","NodeAdd","+"
"422","160","NodeStreamOffset","stream offset: 3976"
"423","159","NodeStreamOffset","stream offset: 3977"
"894","4136","NodeAdd","+"
"424","158","NodeStreamOffset","stream offset: 3978"
"425","157","NodeStreamOffset","stream offset: 3979"
"895","4136","NodeAdd","+"
"900","4150","NodeAdd","+"
"904","4164","NodeAdd","+"
"426","128","NodeStreamOffset","stream offset: 3980"
"427","127","NodeStreamOffset","stream offset: 3981"
"905","4108","NodeAdd","+"
"428","126","NodeStreamOffset","stream offset: 3982"
"429","125","NodeStreamOffset","stream offset: 3983"
"906","4108","NodeAdd","+"
"915","4122","NodeAdd","+"
"430","124","NodeStreamOffset","stream offset: 3984"
"431","123","NodeStreamOffset","stream offset: 3985"
"907","4108","NodeAdd","+"
"432","122","NodeStreamOffset","stream offset: 3986"
"433","121","NodeStreamOffset","stream offset: 3987"
"908","4108","NodeAdd","+"
"916","4122","NodeAdd","+"
"920","4136","NodeAdd","+"
"434","120","NodeStreamOffset","stream offset: 3988"
"435","119","NodeStreamOffset","stream offset: 3989"
"909","4108","NodeAdd","+"
"436","118","NodeStreamOffset","stream offset: 3990"
"437","117","NodeStreamOffset","stream offset: 3991"
"910","4108","NodeAdd","+"
"917","4122","NodeAdd","+"
"438","116","NodeStreamOffset","stream offset: 3992"
"439","115","NodeStreamOffset","stream offset: 3993"
"911","4108","NodeAdd","+"
"440","114","NodeStreamOffset","stream offset: 3994"
"441","113","NodeStreamOffset","stream offset: 3995"
"912","4108","NodeAdd","+"
"918","4122","NodeAdd","+"
"921","4136","NodeAdd","+"
"922","4150","NodeAdd","+"
"442","140","NodeStreamOffset","stream offset: 3996"
"443","139","NodeStreamOffset","stream offset: 3997"
"913","4136","NodeAdd","+"
"444","138","NodeStreamOffset","stream offset: 3998"
"445","137","NodeStreamOffset","stream offset: 3999"
"914","4136","NodeAdd","+"
"919","4150","NodeAdd","+"
"923","4164","NodeAdd","+"
"991","4178","NodeAdd","+"
"446","108","NodeStreamOffset","stream offset: 4000"
"447","107","NodeStreamOffset","stream offset: 4001"
"924","4108","NodeAdd","+"
"448","106","NodeStreamOffset","stream offset: 4002"
"449","105","NodeStreamOffset","stream offset: 4003"
"925","4108","NodeAdd","+"
"934","4122","NodeAdd","+"
"450","104","NodeStreamOffset","stream offset: 4004"
"451","103","NodeStreamOffset","stream offset: 4005"
"926","4108","NodeAdd","+"
"452","102","NodeStreamOffset","stream offset: 4006"
"453","101","NodeStreamOffset","stream offset: 4007"
"927","4108","NodeAdd","+"
"935","4122","NodeAdd","+"
"939","4136","NodeAdd","+"
"454","100","NodeStreamOffset","stream offset: 4008"
"455","99","NodeStreamOffset","stream offset: 4009"
"928","4108","NodeAdd","+"
"456","98","NodeStreamOffset","stream offset: 4010"
"457","97","NodeStreamOffset","stream offset: 4011"
"929","4108","NodeAdd","+"
"936","4122","NodeAdd","+"
"458","96","NodeStreamOffset","stream offset: 4012"
"459","95","NodeStreamOffset","stream offset: 4013"
"930","4108","NodeAdd","+"
"460","94","NodeStreamOffset","stream offset: 4014"
"461","93","NodeStreamOffset","stream offset: 4015"
"931","4108","NodeAdd","+"
"937","4122","NodeAdd","+"
"940","4136","NodeAdd","+"
"941","4150","NodeAdd","+"
"462","120","NodeStreamOffset","stream offset: 4016"
"463","119","NodeStreamOffset","stream offset: 4017"
"932","4136","NodeAdd","+"
"464","118","NodeStreamOffset","stream offset: 4018"
"465","117","NodeStreamOffset","stream offset: 4019"
"933","4136","NodeAdd","+"
"938","4150","NodeAdd","+"
"942","4164","NodeAdd","+"
"466","88","NodeStreamOffset","stream offset: 4020"
"467","87","NodeStreamOffset","stream offset: 4021"
"943","4108","NodeAdd","+"
"468","86","NodeStreamOffset","stream offset: 4022"
"469","85","NodeStreamOffset","stream offset: 4023"
"944","4108","NodeAdd","+"
"953","4122","NodeAdd","+"
"470","84","NodeStreamOffset","stream offset: 4024"
"471","83","NodeStreamOffset","stream offset: 4025"
"945","4108","NodeAdd","+"
"472","82","NodeStreamOffset","stream offset: 4026"
"473","81","NodeStreamOffset","stream offset: 4027"
"946","4108","NodeAdd","+"
"954","4122","NodeAdd","+"
"958","4136","NodeAdd","+"
"474","80","NodeStreamOffset","stream offset: 4028"
"475","79","NodeStreamOffset","stream offset: 4029"
"947","4108","NodeAdd","+"
"476","78","NodeStreamOffset","stream offset: 4030"
"477","77","NodeStreamOffset","stream offset: 4031"
"948","4108","NodeAdd","+"
"955","4122","NodeAdd","+"
"478","76","NodeStreamOffset","stream offset: 4032"
"479","75","NodeStreamOffset","stream offset: 4033"
"949","4108","NodeAdd","+"
"480","74","NodeStreamOffset","stream offset: 4034"
"481","73","NodeStreamOffset","stream offset: 4035"
"950","4108","NodeAdd","+"
"956","4122","NodeAdd","+"
"959","4136","NodeAdd","+"
"960","4150","NodeAdd","+"
"482","100","NodeStreamOffset","stream offset: 4036"
"483","99","NodeStreamOffset","stream offset: 4037"
"951","4136","NodeAdd","+"
"484","98","NodeStreamOffset","stream offset: 4038"
"485","97","NodeStreamOffset","stream offset: 4039"
"952","4136","NodeAdd","+"
"957","4150","NodeAdd","+"
"961","4164","NodeAdd","+"
"992","4178","NodeAdd","+"
"998","4192","NodeAdd","+"
"1001","4206","NodeAdd","+"
"486","110","NodeStreamOffset","stream offset: 4040"
"487","109","NodeStreamOffset","stream offset: 4041"
"962","4150","NodeAdd","+"
"488","108","NodeStreamOffset","stream offset: 4042"
"489","107","NodeStreamOffset","stream offset: 4043"
"963","4150","NodeAdd","+"
"972","4164","NodeAdd","+"
"490","106","NodeStreamOffset","stream offset: 4044"
"491","105","NodeStreamOffset","stream offset: 4045"
"964","4150","NodeAdd","+"
"492","104","NodeStreamOffset","stream offset: 4046"
"493","103","NodeStreamOffset","stream offset: 4047"
"965","4150","NodeAdd","+"
"973","4164","NodeAdd","+"
"977","4178","NodeAdd","+"
"494","102","NodeStreamOffset","stream offset: 4048"
"495","101","NodeStreamOffset","stream offset: 4049"
"966","4150","NodeAdd","+"
"496","100","NodeStreamOffset","stream offset: 4050"
"497","99","NodeStreamOffset","stream offset: 4051"
"967","4150","NodeAdd","+"
"974","4164","NodeAdd","+"
"498","98","NodeStreamOffset","stream offset: 4052"
"499","97","NodeStreamOffset","stream offset: 4053"
"968","4150","NodeAdd","+"
"500","96","NodeStreamOffset","stream offset: 4054"
"501","95","NodeStreamOffset","stream offset: 4055"
"969","4150","NodeAdd","+"
"975","4164","NodeAdd","+"
"978","4178","NodeAdd","+"
"979","4192","NodeAdd","+"
"502","122","NodeStreamOffset","stream offset: 4056"
"503","121","NodeStreamOffset","stream offset: 4057"
"970","4178","NodeAdd","+"
"504","120","NodeStreamOffset","stream offset: 4058"
"505","119","NodeStreamOffset","stream offset: 4059"
"971","4178","NodeAdd","+"
"976","4192","NodeAdd","+"
"980","4206","NodeAdd","+"
"1003","4220","NodeAdd","+"
"1004","4234","NodeAdd","+"
"1012","4248","NodeOutput","Output(output)"
"1015","4247","NodeCounterV1","Counter(NUMERIC_INCREMENTING)\nInc: 1\nReset: 0\nInit: 0"
"1016","4247","NodeStreamOffset","stream offset: 1"
"1018","4248","NodeOutputMappedReg","Scalar output (current_run_cycle_count)"
"1021","64","NodeCounterV1","Counter(NUMERIC_INCREMENTING)\nInc: 1\nReset: 0\nInit: 0"
"1024","64","NodeEq","=="
"1022","65","NodeFlush","flush on trigger"
